<?xml version="1.0" encoding="UTF-8"?>
<beans xmlns="http://www.springframework.org/schema/beans"
	xmlns:context="http://www.springframework.org/schema/context"
	xmlns:mvc="http://www.springframework.org/schema/mvc" xmlns:xsi="http://www.w3.org/2001/XMLSchema-instance"
	xsi:schemaLocation="http://www.springframework.org/schema/beans http://www.springframework.org/schema/beans/spring-beans-4.0.xsd
 	http://www.springframework.org/schema/mvc http://www.springframework.org/schema/mvc/spring-mvc-5.0.xsd
 	http://www.springframework.org/schema/context http://www.springframework.org/schema/context/spring-context-4.0.xsd">
	
	<!-- add base packages to scan  -->

	<!--<context:component-scan base-package="com.stackroute."></context:component-scan>-->

	<!--  Define the bean for view resolver so that it can be used to resolve the
	 * JSP files which are existing in /WEB-INF/views folder. A ViewResolver is capable of 
	 * mapping logical view names to actual views, such as a JSP or a HTML page.
	 -->
	 <!--<bean class="org.springframework.web.servlet.view.InternalResourceViewResolver">-->
		 <!--<property name="prefix" value="/WEB-INF/views/"></property>-->
		 <!--<property name="suffix" value=".jsp"></property>-->

	 <!--</bean>-->
</beans>